timestamp,date,time,weekday,percentage,level,time_slot
2026-09-09 19:54:08,2026-09-09,19:54,Wednesday,32,LOW,19:00:00-20:00:00
2026-09-09 21:18:10,2026-09-09,21:18,Wednesday,27,LOW,21:00:00-22:00:00
2026-09-09 22:53:57,2026-09-09,22:53,Wednesday,10,LOW,22:00:00-23:00:00
2026-09-10 00:48:59,2026-09-10,00:48,Thursday,-1,UNKNOWN,
2026-09-10 02:41:47,2026-09-10,02:41,Thursday,-1,UNKNOWN,
2026-09-10 10:28:01,2026-09-10,10:28,Thursday,13,LOW,10:00:00-11:00:00
2026-09-10 16:10:05,2026-09-10,16:10,Thursday,23,LOW,16:00:00-17:00:00
2026-09-10 20:13:14,2026-09-10,20:13,Thursday,29,LOW,20:00:00-21:00:00
2026-09-10 23:28:58,2026-09-10,23:28,Thursday,5,LOW,23:00:00-00:00:00
2026-09-11 01:51:44,2026-09-11,01:51,Friday,-1,UNKNOWN,
2026-09-11 10:47:44,2026-09-11,10:47,Friday,20,LOW,10:00:00-11:00:00
2026-09-11 15:24:44,2026-09-11,15:24,Friday,24,LOW,15:00:00-16:00:00
2026-09-11 19:39:01,2026-09-11,19:39,Friday,31,LOW,19:00:00-20:00:00
2026-09-11 22:44:59,2026-09-11,22:44,Friday,11,LOW,22:00:00-23:00:00
2026-09-12 01:05:38,2026-09-12,01:05,Saturday,-1,UNKNOWN,
2026-09-12 10:31:26,2026-09-12,10:31,Saturday,14,LOW,10:00:00-11:00:00
2026-09-12 14:45:21,2026-09-12,14:45,Saturday,15,LOW,14:00:00-15:00:00
2026-09-12 18:07:01,2026-09-12,18:07,Saturday,18,LOW,18:00:00-19:00:00
2026-09-12 21:03:59,2026-09-12,21:03,Saturday,16,LOW,21:00:00-22:00:00
2026-09-13 00:05:01,2026-09-13,00:05,Sunday,-1,UNKNOWN,
2026-09-13 02:42:36,2026-09-13,02:42,Sunday,-1,UNKNOWN,
2026-09-13 16:11:12,2026-09-13,16:11,Sunday,30,LOW,16:00:00-17:00:00
2026-09-13 20:00:32,2026-09-13,20:00,Sunday,20,LOW,19:00:00-20:00:00
2026-09-13 23:18:18,2026-09-13,23:18,Sunday,-1,UNKNOWN,
2026-09-14 01:58:42,2026-09-14,01:58,Monday,-1,UNKNOWN,
2026-09-14 11:42:46,2026-09-14,11:42,Monday,24,LOW,11:00:00-12:00:00
2026-09-14 18:14:48,2026-09-14,18:14,Monday,48,NORMAL,18:00:00-19:00:00
2026-09-14 22:48:59,2026-09-14,22:48,Monday,11,LOW,22:00:00-23:00:00
2026-09-15 01:45:39,2026-09-15,01:45,Tuesday,-1,UNKNOWN,
2026-09-15 11:18:06,2026-09-15,11:18,Tuesday,21,LOW,11:00:00-12:00:00
2026-09-15 16:45:04,2026-09-15,16:45,Tuesday,26,LOW,16:00:00-17:00:00
2026-09-15 20:48:16,2026-09-15,20:48,Tuesday,31,LOW,20:00:00-21:00:00
2026-09-15 23:59:48,2026-09-15,23:59,Tuesday,0,LOW,23:00:00-00:00:00
2026-09-16 02:11:27,2026-09-16,02:11,Wednesday,-1,UNKNOWN,
2026-09-16 11:11:13,2026-09-16,11:11,Wednesday,23,LOW,11:00:00-12:00:00
2026-09-16 16:43:37,2026-09-16,16:43,Wednesday,32,LOW,16:00:00-17:00:00
2026-09-16 20:46:02,2026-09-16,20:46,Wednesday,42,NORMAL,20:00:00-21:00:00
2026-09-16 23:58:20,2026-09-16,23:58,Wednesday,0,LOW,23:00:00-00:00:00
2026-09-17 02:19:15,2026-09-17,02:19,Thursday,-1,UNKNOWN,
2026-09-17 11:19:28,2026-09-17,11:19,Thursday,12,LOW,11:00:00-12:00:00
2026-09-17 16:47:08,2026-09-17,16:47,Thursday,18,LOW,16:00:00-17:00:00
2026-09-17 20:53:26,2026-09-17,20:53,Thursday,27,LOW,20:00:00-21:00:00
2026-09-17 23:59:27,2026-09-17,23:59,Thursday,6,LOW,23:00:00-00:00:00
2026-09-18 02:07:23,2026-09-18,02:07,Friday,-1,UNKNOWN,
2026-09-18 10:54:35,2026-09-18,10:54,Friday,22,LOW,10:00:00-11:00:00
2026-09-18 15:30:22,2026-09-18,15:30,Friday,29,LOW,15:00:00-16:00:00
2026-09-18 19:35:53,2026-09-18,19:35,Friday,32,LOW,19:00:00-20:00:00
2026-09-18 22:40:36,2026-09-18,22:40,Friday,10,LOW,22:00:00-23:00:00
2026-09-19 01:08:22,2026-09-19,01:08,Saturday,-1,UNKNOWN,
2026-09-19 10:41:26,2026-09-19,10:41,Saturday,13,LOW,10:00:00-11:00:00
2026-09-19 14:59:20,2026-09-19,14:59,Saturday,17,LOW,14:00:00-15:00:00
2026-09-19 18:23:11,2026-09-19,18:23,Saturday,18,LOW,18:00:00-19:00:00
2026-09-19 21:14:22,2026-09-19,21:14,Saturday,13,LOW,21:00:00-22:00:00
2026-09-20 00:15:20,2026-09-20,00:15,Sunday,-1,UNKNOWN,
2026-09-20 02:51:09,2026-09-20,02:51,Sunday,-1,UNKNOWN,
2026-09-20 11:10:50,2026-09-20,11:10,Sunday,24,LOW,11:00:00-12:00:00
2026-09-20 16:02:23,2026-09-20,16:02,Sunday,23,LOW,16:00:00-17:00:00
2026-09-20 20:08:05,2026-09-20,20:08,Sunday,25,LOW,20:00:00-21:00:00
2026-09-20 23:19:17,2026-09-20,23:19,Sunday,-1,UNKNOWN,
2026-09-21 01:59:01,2026-09-21,01:59,Monday,-1,UNKNOWN,
2026-09-21 11:47:02,2026-09-21,11:47,Monday,24,LOW,11:00:00-12:00:00
2026-09-21 18:20:18,2026-09-21,18:20,Monday,38,LOW,18:00:00-19:00:00
2026-09-21 22:54:22,2026-09-21,22:54,Monday,12,LOW,22:00:00-23:00:00
2026-09-22 01:57:03,2026-09-22,01:57,Tuesday,-1,UNKNOWN,
2026-09-22 11:11:17,2026-09-22,11:11,Tuesday,15,LOW,11:00:00-12:00:00
2026-09-22 16:31:46,2026-09-22,16:31,Tuesday,36,LOW,16:00:00-17:00:00
2026-09-22 20:38:47,2026-09-22,20:38,Tuesday,30,LOW,20:00:00-21:00:00
2026-09-22 23:53:38,2026-09-22,23:53,Tuesday,10,LOW,23:00:00-00:00:00
2026-09-23 02:10:17,2026-09-23,02:10,Wednesday,-1,UNKNOWN,
2026-09-23 11:11:39,2026-09-23,11:11,Wednesday,21,LOW,11:00:00-12:00:00
2026-09-23 16:48:24,2026-09-23,16:48,Wednesday,23,LOW,16:00:00-17:00:00
2026-09-23 20:55:40,2026-09-23,20:55,Wednesday,30,LOW,20:00:00-21:00:00
2026-09-24 00:09:32,2026-09-24,00:09,Thursday,-1,UNKNOWN,
2026-09-24 03:15:08,2026-09-24,03:15,Thursday,-1,UNKNOWN,
2026-09-24 11:09:50,2026-09-24,11:09,Thursday,15,LOW,11:00:00-12:00:00
2026-09-24 16:45:43,2026-09-24,16:45,Thursday,21,LOW,16:00:00-17:00:00
2026-09-24 20:54:52,2026-09-24,20:54,Thursday,28,LOW,20:00:00-21:00:00
2026-09-25 00:09:07,2026-09-25,00:09,Friday,-1,UNKNOWN,
2026-09-25 03:17:06,2026-09-25,03:17,Friday,-1,UNKNOWN,
2026-09-25 11:29:37,2026-09-25,11:29,Friday,22,LOW,11:00:00-12:00:00
2026-09-25 17:04:32,2026-09-25,17:04,Friday,19,LOW,17:00:00-18:00:00
2026-09-25 21:55:40,2026-09-25,21:55,Friday,18,LOW,21:00:00-22:00:00
2026-09-26 01:12:25,2026-09-26,01:12,Saturday,-1,UNKNOWN,
2026-09-26 11:15:10,2026-09-26,11:15,Saturday,18,LOW,11:00:00-12:00:00
2026-09-26 16:15:18,2026-09-26,16:15,Saturday,18,LOW,16:00:00-17:00:00
2026-09-26 20:26:16,2026-09-26,20:26,Saturday,22,LOW,20:00:00-21:00:00
2026-09-26 23:54:32,2026-09-26,23:54,Saturday,-1,UNKNOWN,
2026-09-27 02:22:08,2026-09-27,02:22,Sunday,-1,UNKNOWN,
2026-09-27 11:54:43,2026-09-27,11:54,Sunday,28,LOW,11:00:00-12:00:00
2026-09-27 17:02:17,2026-09-27,17:02,Sunday,21,LOW,16:00:00-17:00:00
2026-09-27 21:39:22,2026-09-27,21:39,Sunday,1,LOW,21:00:00-22:00:00
2026-09-28 00:54:02,2026-09-28,00:54,Monday,-1,UNKNOWN,
2026-09-28 03:28:33,2026-09-28,03:28,Monday,-1,UNKNOWN,
2026-09-28 12:43:37,2026-09-28,12:43,Monday,19,LOW,12:00:00-13:00:00
2026-09-28 20:32:39,2026-09-28,20:32,Monday,31,LOW,20:00:00-21:00:00
2026-09-29 01:46:24,2026-09-29,01:46,Tuesday,-1,UNKNOWN,
2026-09-29 12:31:18,2026-09-29,12:31,Tuesday,20,LOW,12:00:00-13:00:00
2026-09-29 18:50:02,2026-09-29,18:50,Tuesday,42,NORMAL,18:00:00-19:00:00
2026-09-29 23:18:42,2026-09-29,23:18,Tuesday,13,LOW,23:00:00-00:00:00
2026-09-30 03:09:47,2026-09-30,03:09,Wednesday,-1,UNKNOWN,
2026-09-30 12:22:17,2026-09-30,12:22,Wednesday,14,LOW,12:00:00-13:00:00
2026-09-30 18:44:23,2026-09-30,18:44,Wednesday,38,LOW,18:00:00-19:00:00
2026-09-30 23:19:43,2026-09-30,23:19,Wednesday,17,LOW,23:00:00-00:00:00
2026-10-01 03:09:37,2026-10-01,03:09,Thursday,-1,UNKNOWN,
2026-10-01 12:49:04,2026-10-01,12:49,Thursday,16,LOW,12:00:00-13:00:00
2026-10-01 19:18:41,2026-10-01,19:18,Thursday,40,LOW,19:00:00-20:00:00
2026-10-02 00:30:29,2026-10-02,00:30,Friday,-1,UNKNOWN,
2026-10-02 04:04:24,2026-10-02,04:04,Friday,-1,UNKNOWN,
2026-10-02 12:23:32,2026-10-02,12:23,Friday,19,LOW,12:00:00-13:00:00
2026-10-02 18:34:22,2026-10-02,18:34,Friday,36,LOW,18:00:00-19:00:00
2026-10-02 23:13:33,2026-10-02,23:13,Friday,20,LOW,23:00:00-00:00:00
2026-10-03 03:00:04,2026-10-03,03:00,Saturday,-1,UNKNOWN,
2026-10-03 11:45:14,2026-10-03,11:45,Saturday,16,LOW,11:00:00-12:00:00
2026-10-03 16:36:21,2026-10-03,16:36,Saturday,22,LOW,16:00:00-17:00:00
2026-10-03 20:35:36,2026-10-03,20:35,Saturday,22,LOW,20:00:00-21:00:00
2026-10-04 00:03:13,2026-10-04,00:03,Sunday,-1,UNKNOWN,
2026-10-04 04:28:00,2026-10-04,04:28,Sunday,-1,UNKNOWN,
2026-10-04 12:28:51,2026-10-04,12:28,Sunday,18,LOW,12:00:00-13:00:00
2026-10-04 17:42:27,2026-10-04,17:42,Sunday,18,LOW,17:00:00-18:00:00
2026-10-04 21:20:43,2026-10-04,21:20,Sunday,7,LOW,21:00:00-22:00:00
2026-10-05 00:54:19,2026-10-05,00:54,Monday,-1,UNKNOWN,
2026-10-05 01:14:48,2026-10-05,01:14,Monday,-1,UNKNOWN,
2026-10-05 06:25:40,2026-10-05,06:25,Monday,3,LOW,06:00:00-07:00:00
2026-10-05 07:30:52,2026-10-05,07:30,Monday,4,LOW,07:00:00-08:00:00
2026-10-05 08:43:22,2026-10-05,08:43,Monday,10,LOW,08:00:00-09:00:00
2026-10-05 09:40:23,2026-10-05,09:40,Monday,9,LOW,09:00:00-10:00:00
2026-10-05 10:32:45,2026-10-05,10:32,Monday,21,LOW,10:00:00-11:00:00
2026-10-05 11:29:31,2026-10-05,11:29,Monday,24,LOW,11:00:00-12:00:00
2026-10-05 12:20:54,2026-10-05,12:20,Monday,16,LOW,12:00:00-13:00:00
2026-10-05 13:16:18,2026-10-05,13:16,Monday,16,LOW,13:00:00-14:00:00
2026-10-05 14:27:59,2026-10-05,14:27,Monday,17,LOW,14:00:00-15:00:00
2026-10-05 15:24:41,2026-10-05,15:24,Monday,22,LOW,15:00:00-16:00:00
2026-10-05 16:21:24,2026-10-05,16:21,Monday,29,LOW,16:00:00-17:00:00
2026-10-05 17:17:42,2026-10-05,17:17,Monday,39,LOW,17:00:00-18:00:00
2026-10-05 18:20:17,2026-10-05,18:20,Monday,45,NORMAL,18:00:00-19:00:00
2026-10-05 19:15:09,2026-10-05,19:15,Monday,48,NORMAL,19:00:00-20:00:00
2026-10-05 20:22:43,2026-10-05,20:22,Monday,38,LOW,20:00:00-21:00:00
2026-10-05 21:16:01,2026-10-05,21:16,Monday,31,LOW,21:00:00-22:00:00
2026-10-05 22:29:13,2026-10-05,22:29,Monday,23,LOW,22:00:00-23:00:00
2026-10-05 23:20:59,2026-10-05,23:20,Monday,4,LOW,23:00:00-00:00:00
2026-10-06 06:20:38,2026-10-06,06:20,Tuesday,3,LOW,06:00:00-07:00:00
2026-10-06 07:17:09,2026-10-06,07:17,Tuesday,7,LOW,07:00:00-08:00:00
2026-10-06 08:29:56,2026-10-06,08:29,Tuesday,9,LOW,08:00:00-09:00:00
2026-10-06 09:23:42,2026-10-06,09:23,Tuesday,11,LOW,09:00:00-10:00:00
2026-10-06 10:23:32,2026-10-06,10:23,Tuesday,16,LOW,10:00:00-11:00:00
2026-10-06 11:19:41,2026-10-06,11:19,Tuesday,15,LOW,11:00:00-12:00:00
2026-10-06 12:17:22,2026-10-06,12:17,Tuesday,18,LOW,12:00:00-13:00:00
2026-10-06 13:15:24,2026-10-06,13:15,Tuesday,17,LOW,13:00:00-14:00:00
2026-10-06 14:25:47,2026-10-06,14:25,Tuesday,24,LOW,14:00:00-15:00:00
2026-10-06 15:18:40,2026-10-06,15:18,Tuesday,21,LOW,15:00:00-16:00:00
2026-10-06 16:17:57,2026-10-06,16:17,Tuesday,22,LOW,16:00:00-17:00:00
2026-10-06 17:16:28,2026-10-06,17:16,Tuesday,35,LOW,17:00:00-18:00:00
2026-10-06 18:20:14,2026-10-06,18:20,Tuesday,40,LOW,18:00:00-19:00:00
2026-10-06 19:14:04,2026-10-06,19:14,Tuesday,44,NORMAL,19:00:00-20:00:00
2026-10-06 20:21:03,2026-10-06,20:21,Tuesday,37,LOW,20:00:00-21:00:00
2026-10-06 21:13:35,2026-10-06,21:13,Tuesday,29,LOW,21:00:00-22:00:00
2026-10-06 22:18:25,2026-10-06,22:18,Tuesday,23,LOW,22:00:00-23:00:00
2026-10-06 23:15:26,2026-10-06,23:15,Tuesday,18,LOW,23:00:00-00:00:00
2026-10-07 06:20:49,2026-10-07,06:20,Wednesday,4,LOW,06:00:00-07:00:00
2026-10-07 07:18:12,2026-10-07,07:18,Wednesday,6,LOW,07:00:00-08:00:00
2026-10-07 08:29:28,2026-10-07,08:29,Wednesday,12,LOW,08:00:00-09:00:00
2026-10-07 09:24:46,2026-10-07,09:24,Wednesday,13,LOW,09:00:00-10:00:00
2026-10-07 10:25:21,2026-10-07,10:25,Wednesday,22,LOW,10:00:00-11:00:00
2026-10-07 11:20:35,2026-10-07,11:20,Wednesday,23,LOW,11:00:00-12:00:00
2026-10-07 12:17:04,2026-10-07,12:17,Wednesday,21,LOW,12:00:00-13:00:00
2026-10-07 13:15:15,2026-10-07,13:15,Wednesday,16,LOW,13:00:00-14:00:00
2026-10-07 14:27:24,2026-10-07,14:27,Wednesday,19,LOW,14:00:00-15:00:00
2026-10-07 15:21:20,2026-10-07,15:21,Wednesday,23,LOW,15:00:00-16:00:00
2026-10-07 16:17:58,2026-10-07,16:17,Wednesday,25,LOW,16:00:00-17:00:00
2026-10-07 17:26:34,2026-10-07,17:26,Wednesday,28,LOW,17:00:00-18:00:00
2026-10-07 18:19:41,2026-10-07,18:19,Wednesday,30,LOW,18:00:00-19:00:00
2026-10-07 19:21:24,2026-10-07,19:21,Wednesday,38,LOW,19:00:00-20:00:00
2026-10-07 20:21:58,2026-10-07,20:21,Wednesday,32,LOW,20:00:00-21:00:00
2026-10-07 21:15:13,2026-10-07,21:15,Wednesday,29,LOW,21:00:00-22:00:00
2026-10-07 22:19:11,2026-10-07,22:19,Wednesday,28,LOW,22:00:00-23:00:00
2026-10-07 23:15:37,2026-10-07,23:15,Wednesday,18,LOW,23:00:00-00:00:00
2026-10-08 06:21:07,2026-10-08,06:21,Thursday,2,LOW,06:00:00-07:00:00
2026-10-08 07:18:43,2026-10-08,07:18,Thursday,4,LOW,07:00:00-08:00:00
2026-10-08 08:31:30,2026-10-08,08:31,Thursday,6,LOW,08:00:00-09:00:00
2026-10-08 09:26:03,2026-10-08,09:26,Thursday,6,LOW,09:00:00-10:00:00
